date,rate
2018/1/11,1.77
2018/1/12,1.78
2018/1/13,1.78
2018/1/14,1.78
2018/1/15,1.78
2018/1/16,1.79
2018/1/17,1.79
2018/1/18,1.79
2018/1/19,1.79
2018/1/20,1.79
2018/1/21,1.79
2018/1/22,1.79
2018/1/23,1.78
2018/1/24,1.79
2018/1/25,1.8
2018/1/26,1.8
2018/1/27,1.8
2018/1/28,1.8
2018/1/29,1.8
2018/1/30,1.88
2018/1/31,1.9
2018/2/1,1.89
2018/2/2,1.88
2018/2/3,1.88
2018/2/4,1.88
2018/2/5,1.85
2018/2/6,1.87
2018/2/7,1.91
2018/2/8,1.91
2018/2/9,1.89
2018/2/10,1.89
2018/2/11,1.89
2018/2/12,1.93
2018/2/13,1.95
2018/2/14,1.98
2018/2/15,1.99
2018/2/16,2
2018/2/17,2
2018/2/18,2
2018/2/19,2
2018/2/20,2.01
2018/2/21,2.03
2018/2/22,2.02
2018/2/23,2.02
2018/2/24,2.02
2018/2/25,2.02
2018/2/26,2.03
2018/2/27,2.08
2018/2/28,2.07
2018/3/1,2.05
2018/3/2,2.06
2018/3/3,2.06
2018/3/4,2.06
2018/3/5,2.06
2018/3/6,2.06
2018/3/7,2.05
2018/3/8,2.05
2018/3/9,2.03
2018/3/10,2.03
2018/3/11,2.03
2018/3/12,2.05
2018/3/13,2.03
2018/3/14,2.05
2018/3/15,2.07
2018/3/16,2.08
2018/3/17,2.08
2018/3/18,2.08
2018/3/19,2.08
2018/3/20,2.08
2018/3/21,2.06
2018/3/22,2.05
2018/3/23,2.04
2018/3/24,2.04
2018/3/25,2.04
2018/3/26,2.06
2018/3/27,2.1
2018/3/28,2.12
2018/3/29,2.09
2018/3/30,2.09
2018/3/31,2.09
2018/4/1,2.09
2018/4/2,2.08
2018/4/3,2.09
2018/4/4,2.07
2018/4/5,2.07
2018/4/6,2.06
2018/4/7,2.06
2018/4/8,2.06
2018/4/9,2.08
2018/4/10,2.09
2018/4/11,2.09
2018/4/12,2.11
2018/4/13,2.12
2018/4/14,2.12
2018/4/15,2.12
2018/4/16,2.12
2018/4/17,2.16
2018/4/18,2.17
2018/4/19,2.21
2018/4/20,2.22
2018/4/21,2.22
2018/4/22,2.22
2018/4/23,2.25
2018/4/24,2.25
2018/4/25,2.26
2018/4/26,2.25
2018/4/27,2.24
2018/4/28,2.24
2018/4/29,2.24
2018/4/30,2.24
2018/5/1,2.26
2018/5/2,2.24
2018/5/3,2.24
2018/5/4,2.24
2018/5/5,2.24
2018/5/6,2.24
2018/5/7,2.25
2018/5/8,2.26
2018/5/9,2.27
2018/5/10,2.27
2018/5/11,2.28
2018/5/12,2.28
2018/5/13,2.28
2018/5/14,2.28
2018/5/15,2.31
2018/5/16,2.32
2018/5/17,2.32
2018/5/18,2.32
2018/5/19,2.32
2018/5/20,2.32
2018/5/21,2.35
2018/5/22,2.34
2018/5/23,2.29
2018/5/24,2.28
2018/5/25,2.27
2018/5/26,2.27
2018/5/27,2.27
2018/5/28,2.27
2018/5/29,2.17
2018/5/30,2.23
2018/5/31,2.23
2018/6/1,2.28
2018/6/2,2.28
2018/6/3,2.28
2018/6/4,2.3
2018/6/5,2.32
2018/6/6,2.32
2018/6/7,2.31
2018/6/8,2.3
2018/6/9,2.3
2018/6/10,2.3
2018/6/11,2.32
2018/6/12,2.31
2018/6/13,2.35
2018/6/14,2.35
2018/6/15,2.35
2018/6/16,2.35
2018/6/17,2.35
2018/6/18,2.35
2018/6/19,2.34
2018/6/20,2.36
2018/6/21,2.34
2018/6/22,2.33
2018/6/23,2.33
2018/6/24,2.33
2018/6/25,2.34
2018/6/26,2.33
2018/6/27,2.33
2018/6/28,2.33
2018/6/29,2.33
2018/6/30,2.33
2018/7/1,2.33
2018/7/2,2.34
2018/7/3,2.33
2018/7/4,2.33
2018/7/5,2.32
2018/7/6,2.34
2018/7/7,2.34
2018/7/8,2.34
2018/7/9,2.34
2018/7/10,2.36
2018/7/11,2.36
2018/7/12,2.39
2018/7/13,2.37
2018/7/14,2.37
2018/7/15,2.37
2018/7/16,2.39
2018/7/17,2.39
2018/7/18,2.43
2018/7/19,2.4
2018/7/20,2.41
2018/7/21,2.41
2018/7/22,2.41
2018/7/23,2.42
2018/7/24,2.42
2018/7/25,2.42
2018/7/26,2.41
2018/7/27,2.43
2018/7/28,2.43
2018/7/29,2.43
2018/7/30,2.43
2018/7/31,2.44
2018/8/1,2.45
2018/8/2,2.45
2018/8/3,2.43
2018/8/4,2.43
2018/8/5,2.43
2018/8/6,2.44
2018/8/7,2.45
2018/8/8,2.44
2018/8/9,2.44
2018/8/10,2.42
2018/8/11,2.42
2018/8/12,2.42
2018/8/13,2.42
2018/8/14,2.44
2018/8/15,2.45
2018/8/16,2.45
2018/8/17,2.44
2018/8/18,2.44
2018/8/19,2.44
2018/8/20,2.43
2018/8/21,2.45
2018/8/22,2.43
2018/8/23,2.43
2018/8/24,2.44
2018/8/25,2.44
2018/8/26,2.44
2018/8/27,2.47
2018/8/28,2.47
2018/8/29,2.48
2018/8/30,2.47
2018/8/31,2.46
2018/9/1,2.46
2018/9/2,2.46
2018/9/3,2.46
2018/9/4,2.49
2018/9/5,2.49
2018/9/6,2.5
2018/9/7,2.53
2018/9/8,2.53
2018/9/9,2.53
2018/9/10,2.54
2018/9/11,2.55
2018/9/12,2.56
2018/9/13,2.55
2018/9/14,2.56
2018/9/15,2.56
2018/9/16,2.56
2018/9/17,2.57
2018/9/18,2.58
2018/9/19,2.58
2018/9/20,2.58
2018/9/21,2.58
2018/9/22,2.58
2018/9/23,2.58
2018/9/24,2.6
2018/9/25,2.59
2018/9/26,2.58
2018/9/27,2.58
2018/9/28,2.59
2018/9/29,2.59
2018/9/30,2.59
2018/10/1,2.6
2018/10/2,2.61
2018/10/3,2.62
2018/10/4,2.63
2018/10/5,2.64
2018/10/6,2.64
2018/10/7,2.64
2018/10/8,2.64
2018/10/9,2.65
2018/10/10,2.67
2018/10/11,2.66
2018/10/12,2.66
2018/10/13,2.66
2018/10/14,2.66
2018/10/15,2.67
2018/10/16,2.66
2018/10/17,2.66
2018/10/18,2.67
2018/10/19,2.67
2018/10/20,2.67
2018/10/21,2.67
2018/10/22,2.68
2018/10/23,2.67
2018/10/24,2.64
2018/10/25,2.66
2018/10/26,2.63
2018/10/27,2.63
2018/10/28,2.63
2018/10/29,2.64
2018/10/30,2.66
2018/10/31,2.69
2018/11/1,2.67
2018/11/2,2.7
2018/11/3,2.7
2018/11/4,2.7
2018/11/5,2.71
2018/11/6,2.72
2018/11/7,2.74
2018/11/8,2.74
2018/11/9,2.73
2018/11/10,2.73
2018/11/11,2.73
2018/11/12,2.73
2018/11/13,2.72
2018/11/14,2.71
2018/11/15,2.7
2018/11/16,2.68
2018/11/17,2.68
2018/11/18,2.68
2018/11/19,2.66
2018/11/20,2.67
2018/11/21,2.67
2018/11/22,2.67
2018/11/23,2.67
2018/11/24,2.67
2018/11/25,2.67
2018/11/26,2.7
2018/11/27,2.7
2018/11/28,2.69
2018/11/29,2.69
2018/11/30,2.7
2018/12/1,2.7
2018/12/2,2.7
2018/12/3,2.72
2018/12/4,2.71
2018/12/5,2.71
2018/12/6,2.7
2018/12/7,2.68
2018/12/8,2.68
2018/12/9,2.68
2018/12/10,2.69
2018/12/11,2.7
2018/12/12,2.7
2018/12/13,2.69
2018/12/14,2.68
2018/12/15,2.68
2018/12/16,2.68
2018/12/17,2.66
2018/12/18,2.64
2018/12/19,2.62
2018/12/20,2.64
2018/12/21,2.62
2018/12/22,2.62
2018/12/23,2.62
2018/12/24,2.61
2018/12/25,2.61
2018/12/26,2.61
2018/12/27,2.58
2018/12/28,2.57
2018/12/29,2.57
2018/12/30,2.57
2018/12/31,2.63
2019/1/1,2.63
2019/1/2,2.6
2019/1/3,2.5
2019/1/4,2.57
2019/1/5,2.57
2019/1/6,2.57
2019/1/7,2.58
2019/1/8,2.6
2019/1/9,2.59
2019/1/10,2.59
2019/1/11,2.58
2019/1/12,2.58
2019/1/13,2.58
2019/1/14,2.57
2019/1/15,2.57
2019/1/16,2.57
2019/1/17,2.57
2019/1/18,2.6
2019/1/19,2.6
2019/1/20,2.6
2019/1/21,2.6
2019/1/22,2.59
2019/1/23,2.59
2019/1/24,2.58
2019/1/25,2.6
2019/1/26,2.6
2019/1/27,2.6
2019/1/28,2.6
2019/1/29,2.6
2019/1/30,2.57
2019/1/31,2.55
2019/2/1,2.56
2019/2/2,2.56
2019/2/3,2.56
2019/2/4,2.57
2019/2/5,2.56
2019/2/6,2.56
2019/2/7,2.55
2019/2/8,2.54
2019/2/9,2.54
2019/2/10,2.54
2019/2/11,2.55
2019/2/12,2.55
2019/2/13,2.55
2019/2/14,2.53
2019/2/15,2.55
2019/2/16,2.55
2019/2/17,2.55
2019/2/18,2.55
2019/2/19,2.54
2019/2/20,2.54
2019/2/21,2.55
2019/2/22,2.55
2019/2/23,2.55
2019/2/24,2.55
2019/2/25,2.56
2019/2/26,2.55
2019/2/27,2.54
2019/2/28,2.54
2019/3/1,2.55
2019/3/2,2.55
2019/3/3,2.55
2019/3/4,2.54
2019/3/5,2.54
2019/3/6,2.54
2019/3/7,2.52
2019/3/8,2.53
2019/3/9,2.53
2019/3/10,2.53
2019/3/11,2.53
2019/3/12,2.52
2019/3/13,2.53
2019/3/14,2.52
2019/3/15,2.52
2019/3/16,2.52
2019/3/17,2.52
2019/3/18,2.52
2019/3/19,2.5
2019/3/20,2.47
2019/3/21,2.48
2019/3/22,2.45
2019/3/23,2.45
2019/3/24,2.45
2019/3/25,2.41
2019/3/26,2.44
2019/3/27,2.4
2019/3/28,2.4
2019/3/29,2.4
2019/3/30,2.4
2019/3/31,2.4
2019/4/1,2.41
2019/4/2,2.41
2019/4/3,2.41
2019/4/4,2.41
2019/4/5,2.43
2019/4/6,2.43
2019/4/7,2.43
2019/4/8,2.43
2019/4/9,2.42
2019/4/10,2.41
2019/4/11,2.44
2019/4/12,2.44
2019/4/13,2.44
2019/4/14,2.44
2019/4/15,2.43
2019/4/16,2.45
2019/4/17,2.44
2019/4/18,2.44
2019/4/19,2.44
2019/4/20,2.44
2019/4/21,2.44
2019/4/22,2.46
2019/4/23,2.43
2019/4/24,2.42
2019/4/25,2.42
2019/4/26,2.41
2019/4/27,2.41
2019/4/28,2.41
2019/4/29,2.42
2019/4/30,2.39
2019/5/1,2.39
2019/5/2,2.41
2019/5/3,2.41
2019/5/4,2.41
2019/5/5,2.41
2019/5/6,2.39
2019/5/7,2.37
2019/5/8,2.37
2019/5/9,2.36
2019/5/10,2.36
2019/5/11,2.36
2019/5/12,2.36
2019/5/13,2.32
2019/5/14,2.32
2019/5/15,2.3
2019/5/16,2.33
2019/5/17,2.33
2019/5/18,2.33
2019/5/19,2.33
2019/5/20,2.34
2019/5/21,2.36
2019/5/22,2.37
2019/5/23,2.32
2019/5/24,2.33
2019/5/25,2.33
2019/5/26,2.33
2019/5/27,2.33
2019/5/28,2.31
2019/5/29,2.3
2019/5/30,2.29
2019/5/31,2.21
2019/6/1,2.21
2019/6/2,2.21
2019/6/3,2.11
2019/6/4,2.11
2019/6/5,2.04
2019/6/6,2.02
2019/6/7,1.97
2019/6/8,1.97
2019/6/9,1.97
2019/6/10,2.03
2019/6/11,2.05
2019/6/12,2.02
2019/6/13,2
2019/6/14,2
2019/6/15,2
2019/6/16,2
2019/6/17,2.03
2019/6/18,2.04
2019/6/19,1.96
2019/6/20,1.91
2019/6/21,1.95
2019/6/22,1.95
2019/6/23,1.95
2019/6/24,1.92
2019/6/25,1.93
2019/6/26,1.96
2019/6/27,1.93
2019/6/28,1.92
2019/6/29,1.92
2019/6/30,1.92
2019/7/1,1.94
2019/7/2,1.91
2019/7/3,1.91
2019/7/4,1.91
2019/7/5,1.98
2019/7/6,1.98
2019/7/7,1.98
2019/7/8,1.99
2019/7/9,2
2019/7/10,1.93
2019/7/11,1.97
2019/7/12,1.96
2019/7/13,1.96
2019/7/14,1.96
2019/7/15,1.95
2019/7/16,2
2019/7/17,1.95
2019/7/18,1.9
2019/7/19,1.94
2019/7/20,1.94
2019/7/21,1.94
2019/7/22,1.95
2019/7/23,1.97
2019/7/24,1.98
2019/7/25,1.99
2019/7/26,2
2019/7/27,2
2019/7/28,2
2019/7/29,1.98
2019/7/30,1.97
2019/7/31,2
2019/8/1,1.88
2019/8/2,1.85
2019/8/3,1.85
2019/8/4,1.85
2019/8/5,1.78
2019/8/6,1.8
2019/8/7,1.75
2019/8/8,1.79
2019/8/9,1.78
2019/8/10,1.78
2019/8/11,1.78
2019/8/12,1.75
2019/8/13,1.86
2019/8/14,1.79
2019/8/15,1.72
2019/8/16,1.71
2019/8/17,1.71
2019/8/18,1.71
2019/8/19,1.75
2019/8/20,1.72
2019/8/21,1.77
2019/8/22,1.79
2019/8/23,1.73
2019/8/24,1.73
2019/8/25,1.73
2019/8/26,1.75
2019/8/27,1.77
2019/8/28,1.74
2019/8/29,1.75
2019/8/30,1.76
2019/8/31,1.76
2019/9/1,1.76
2019/9/2,1.76
2019/9/3,1.72
2019/9/4,1.69
2019/9/5,1.73
2019/9/6,1.73
2019/9/7,1.73
2019/9/8,1.73
2019/9/9,1.74
2019/9/10,1.81
2019/9/11,1.79
2019/9/12,1.82
2019/9/13,1.88
2019/9/14,1.88
2019/9/15,1.88
2019/9/16,1.86
2019/9/17,1.87
2019/9/18,1.87
2019/9/19,1.88
2019/9/20,1.84
2019/9/21,1.84
2019/9/22,1.84
2019/9/23,1.81
2019/9/24,1.78
2019/9/25,1.82
2019/9/26,1.79
2019/9/27,1.74
2019/9/28,1.74
2019/9/29,1.74
2019/9/30,1.75
2019/10/1,1.73
2019/10/2,1.67
2019/10/3,1.58
2019/10/4,1.58
2019/10/5,1.58
2019/10/6,1.58
2019/10/7,1.64
2019/10/8,1.62
2019/10/9,1.59
2019/10/10,1.63
2019/10/11,1.67
2019/10/12,1.67
2019/10/13,1.67
2019/10/14,1.67
2019/10/15,1.65
2019/10/16,1.59
2019/10/17,1.59
2019/10/18,1.58
2019/10/19,1.58
2019/10/20,1.58
2019/10/21,1.59
2019/10/22,1.59
2019/10/23,1.58
2019/10/24,1.59
2019/10/25,1.6
2019/10/26,1.6
2019/10/27,1.6
2019/10/28,1.6
2019/10/29,1.59
2019/10/30,1.59
2019/10/31,1.53
2019/11/1,1.53
2019/11/2,1.53
2019/11/3,1.53
2019/11/4,1.56
2019/11/5,1.62
2019/11/6,1.58
2019/11/7,1.58
2019/11/8,1.58
2019/11/9,1.58
2019/11/10,1.58
2019/11/11,1.58
2019/11/12,1.58
2019/11/13,1.57
2019/11/14,1.55
2019/11/15,1.54
2019/11/16,1.54
2019/11/17,1.54
2019/11/18,1.54
2019/11/19,1.54
2019/11/20,1.54
2019/11/21,1.55
2019/11/22,1.56
2019/11/23,1.56
2019/11/24,1.56
2019/11/25,1.58
2019/11/26,1.59
2019/11/27,1.6
2019/11/28,1.6
2019/11/29,1.6
2019/11/30,1.6
2019/12/1,1.6
2019/12/2,1.6
2019/12/3,1.57
2019/12/4,1.56
2019/12/5,1.56
2019/12/6,1.57
2019/12/7,1.57
2019/12/8,1.57
2019/12/9,1.56
2019/12/10,1.56
2019/12/11,1.55
2019/12/12,1.55
2019/12/13,1.54
2019/12/14,1.54
2019/12/15,1.54
2019/12/16,1.54
2019/12/17,1.53
2019/12/18,1.54
2019/12/19,1.52
2019/12/20,1.52
2019/12/21,1.52
2019/12/22,1.52
2019/12/23,1.53
2019/12/24,1.53
2019/12/25,1.53
2019/12/26,1.53
2019/12/27,1.51
2019/12/28,1.51
2019/12/29,1.51
2019/12/30,1.57
2019/12/31,1.59
2020/1/1,1.59
2020/1/2,1.56
2020/1/3,1.55
2020/1/4,1.55
2020/1/5,1.55
2020/1/6,1.54
2020/1/7,1.53
2020/1/8,1.55
2020/1/9,1.54
2020/1/10,1.53
2020/1/11,1.53
2020/1/12,1.53
2020/1/13,1.53
2020/1/14,1.53
2020/1/15,1.54
2020/1/16,1.54
2020/1/17,1.56
2020/1/18,1.56
2020/1/19,1.56
2020/1/20,1.56
2020/1/21,1.54
2020/1/22,1.55
2020/1/23,1.55
2020/1/24,1.55
2020/1/25,1.55
2020/1/26,1.55
2020/1/27,1.53
2020/1/28,1.53
2020/1/29,1.51
2020/1/30,1.48
2020/1/31,1.45
2020/2/1,1.45
2020/2/2,1.45
2020/2/3,1.46
2020/2/4,1.48
2020/2/5,1.49
2020/2/6,1.51
2020/2/7,1.49
2020/2/8,1.49
2020/2/9,1.49
2020/2/10,1.45
2020/2/11,1.48
2020/2/12,1.49
2020/2/13,1.48
2020/2/14,1.49
2020/2/15,1.49
2020/2/16,1.49
2020/2/17,1.49
2020/2/18,1.47
2020/2/19,1.47
2020/2/20,1.46
2020/2/21,1.43
2020/2/22,1.43
2020/2/23,1.43
2020/2/24,1.35
2020/2/25,1.3
2020/2/26,1.26
2020/2/27,1.18
2020/2/28,0.97
2020/2/29,0.97
2020/3/1,0.97
2020/3/2,0.89
2020/3/3,0.73
2020/3/4,0.59
2020/3/5,0.48
2020/3/6,0.39
2020/3/7,0.39
2020/3/8,0.39
2020/3/9,0.31
2020/3/10,0.43
2020/3/11,0.4
2020/3/12,0.39
2020/3/13,0.38
2020/3/14,0.38
2020/3/15,0.38
2020/3/16,0.29
2020/3/17,0.3
2020/3/18,0.21
2020/3/19,0.2
2020/3/20,0.15
2020/3/21,0.15
2020/3/22,0.15
2020/3/23,0.17
2020/3/24,0.25
2020/3/25,0.19
2020/3/26,0.13
2020/3/27,0.11
2020/3/28,0.11
2020/3/29,0.11
2020/3/30,0.14
2020/3/31,0.17
2020/4/1,0.16
2020/4/2,0.14
2020/4/3,0.15
2020/4/4,0.15
2020/4/5,0.15
2020/4/6,0.2
2020/4/7,0.2
2020/4/8,0.23
2020/4/9,0.25
2020/4/10,0.25
2020/4/11,0.25
2020/4/12,0.25
2020/4/13,0.27
2020/4/14,0.25
2020/4/15,0.19
2020/4/16,0.17
2020/4/17,0.16
2020/4/18,0.16
2020/4/19,0.16
2020/4/20,0.15
2020/4/21,0.17
2020/4/22,0.16
2020/4/23,0.17
2020/4/24,0.18
2020/4/25,0.18
2020/4/26,0.18
2020/4/27,0.17
2020/4/28,0.16
2020/4/29,0.18
2020/4/30,0.16
2020/5/1,0.17
2020/5/2,0.17
2020/5/3,0.17
2020/5/4,0.16
2020/5/5,0.16
2020/5/6,0.16
2020/5/7,0.15
2020/5/8,0.15
2020/5/9,0.15
2020/5/10,0.15
2020/5/11,0.16
2020/5/12,0.16
2020/5/13,0.15
2020/5/14,0.15
2020/5/15,0.15
2020/5/16,0.15
2020/5/17,0.15
2020/5/18,0.17
2020/5/19,0.16
2020/5/20,0.16
2020/5/21,0.16
2020/5/22,0.17
2020/5/23,0.17
2020/5/24,0.17
2020/5/25,0.17
2020/5/26,0.17
2020/5/27,0.18
2020/5/28,0.17
2020/5/29,0.17
2020/5/30,0.17
2020/5/31,0.17
2020/6/1,0.17
2020/6/2,0.17
2020/6/3,0.17
2020/6/4,0.17
2020/6/5,0.18
2020/6/6,0.18
2020/6/7,0.18
2020/6/8,0.19
2020/6/9,0.19
2020/6/10,0.18
2020/6/11,0.19
2020/6/12,0.18
2020/6/13,0.18
2020/6/14,0.18
2020/6/15,0.17
2020/6/16,0.18
2020/6/17,0.19
2020/6/18,0.19
2020/6/19,0.18
2020/6/20,0.18
2020/6/21,0.18
2020/6/22,0.17
2020/6/23,0.18
2020/6/24,0.17
2020/6/25,0.17
2020/6/26,0.17
2020/6/27,0.17
2020/6/28,0.17
2020/6/29,0.16
2020/6/30,0.16
2020/7/1,0.16
2020/7/2,0.16
2020/7/3,0.16
2020/7/4,0.16
2020/7/5,0.16
2020/7/6,0.16
2020/7/7,0.15
2020/7/8,0.15
2020/7/9,0.15
2020/7/10,0.15
2020/7/11,0.15
2020/7/12,0.15
2020/7/13,0.16
2020/7/14,0.17
2020/7/15,0.15
2020/7/16,0.14
2020/7/17,0.14
2020/7/18,0.14
2020/7/19,0.14
2020/7/20,0.14
2020/7/21,0.15
2020/7/22,0.14
2020/7/23,0.14
2020/7/24,0.16
2020/7/25,0.16
2020/7/26,0.16
2020/7/27,0.14
2020/7/28,0.14
2020/7/29,0.13
2020/7/30,0.11
2020/7/31,0.11
2020/8/1,0.11
2020/8/2,0.11
2020/8/3,0.12
2020/8/4,0.14
2020/8/5,0.12
2020/8/6,0.14
2020/8/7,0.14
2020/8/8,0.14
2020/8/9,0.14
2020/8/10,0.13
2020/8/11,0.15
2020/8/12,0.13
2020/8/13,0.14
2020/8/14,0.13
2020/8/15,0.13
2020/8/16,0.13
2020/8/17,0.13
2020/8/18,0.13
2020/8/19,0.13
2020/8/20,0.12
2020/8/21,0.13
2020/8/22,0.13
2020/8/23,0.13
2020/8/24,0.14
2020/8/25,0.13
2020/8/26,0.12
2020/8/27,0.13
2020/8/28,0.12
2020/8/29,0.12
2020/8/30,0.12
2020/8/31,0.12
2020/9/1,0.12
2020/9/2,0.13
2020/9/3,0.12
2020/9/4,0.13
2020/9/5,0.13
2020/9/6,0.13
2020/9/7,0.13
2020/9/8,0.15
2020/9/9,0.14
2020/9/10,0.15
2020/9/11,0.13
2020/9/12,0.13
2020/9/13,0.13
2020/9/14,0.14
2020/9/15,0.13
2020/9/16,0.12
2020/9/17,0.12
2020/9/18,0.13
2020/9/19,0.13
2020/9/20,0.13
2020/9/21,0.12
2020/9/22,0.12
2020/9/23,0.13
2020/9/24,0.12
2020/9/25,0.12
2020/9/26,0.12
2020/9/27,0.12
2020/9/28,0.12
2020/9/29,0.12
2020/9/30,0.12
2020/10/1,0.12
2020/10/2,0.12
2020/10/3,0.12
2020/10/4,0.12
2020/10/5,0.12
2020/10/6,0.14
2020/10/7,0.13
2020/10/8,0.13
2020/10/9,0.15
2020/10/10,0.15
2020/10/11,0.15
2020/10/12,0.15
2020/10/13,0.13
2020/10/14,0.13
2020/10/15,0.12
2020/10/16,0.12
2020/10/17,0.12
2020/10/18,0.12
2020/10/19,0.13
2020/10/20,0.13
2020/10/21,0.13
2020/10/22,0.13
2020/10/23,0.12
2020/10/24,0.12
2020/10/25,0.12
2020/10/26,0.12
2020/10/27,0.12
2020/10/28,0.12
2020/10/29,0.12
2020/10/30,0.13
2020/10/31,0.13
2020/11/1,0.13
2020/11/2,0.13
2020/11/3,0.14
2020/11/4,0.12
2020/11/5,0.12
2020/11/6,0.12
2020/11/7,0.12
2020/11/8,0.12
2020/11/9,0.12
2020/11/10,0.12
2020/11/11,0.12
2020/11/12,0.13
2020/11/13,0.12
2020/11/14,0.12
2020/11/15,0.12
2020/11/16,0.12
2020/11/17,0.12
2020/11/18,0.11
2020/11/19,0.11
2020/11/20,0.11
2020/11/21,0.11
2020/11/22,0.11
2020/11/23,0.1
2020/11/24,0.11
2020/11/25,0.11
2020/11/26,0.11
2020/11/27,0.11
2020/11/28,0.11
2020/11/29,0.11
2020/11/30,0.11
2020/12/1,0.12
2020/12/2,0.11
2020/12/3,0.1
2020/12/4,0.11
2020/12/5,0.11
2020/12/6,0.11
2020/12/7,0.1
2020/12/8,0.1
2020/12/9,0.1
2020/12/10,0.1
2020/12/11,0.1
2020/12/12,0.1
2020/12/13,0.1
2020/12/14,0.1
2020/12/15,0.09
2020/12/16,0.09
2020/12/17,0.09
2020/12/18,0.09
2020/12/19,0.09
2020/12/20,0.09
2020/12/21,0.09
2020/12/22,0.09
2020/12/23,0.09
2020/12/24,0.1
2020/12/25,0.1
2020/12/26,0.1
2020/12/27,0.1
2020/12/28,0.11
2020/12/29,0.11
2020/12/30,0.12
2020/12/31,0.1
2021/1/1,0.1
2021/1/2,0.1
2021/1/3,0.1
2021/1/4,0.1
2021/1/5,0.1
2021/1/6,0.11
2021/1/7,0.11
2021/1/8,0.1
2021/1/9,0.1
2021/1/10,0.1
2021/1/11,0.1
2021/1/12,0.11
2021/1/13,0.12
2021/1/14,0.1
2021/1/15,0.1
2021/1/16,0.1
2021/1/17,0.1
2021/1/18,0.1
2021/1/19,0.1
2021/1/20,0.1
2021/1/21,0.1
2021/1/22,0.1
2021/1/23,0.1
2021/1/24,0.1
2021/1/25,0.1
2021/1/26,0.09
2021/1/27,0.09
2021/1/28,0.08
2021/1/29,0.1
2021/1/30,0.1
2021/1/31,0.1
2021/2/1,0.08
2021/2/2,0.08
2021/2/3,0.08
2021/2/4,0.07
2021/2/5,0.06
2021/2/6,0.06
2021/2/7,0.06
2021/2/8,0.07
2021/2/9,0.07
2021/2/10,0.07
2021/2/11,0.07
2021/2/12,0.06
2021/2/13,0.06
2021/2/14,0.06
2021/2/15,0.06
2021/2/16,0.08
2021/2/17,0.07
2021/2/18,0.06
2021/2/19,0.07
2021/2/20,0.07
2021/2/21,0.07
2021/2/22,0.06
2021/2/23,0.08
2021/2/24,0.08
2021/2/25,0.09
2021/2/26,0.08
2021/2/27,0.08
2021/2/28,0.08
2021/3/1,0.08
2021/3/2,0.08
2021/3/3,0.08
2021/3/4,0.08
2021/3/5,0.08
2021/3/6,0.08
2021/3/7,0.08
2021/3/8,0.09
2021/3/9,0.1
2021/3/10,0.08
2021/3/11,0.08
2021/3/12,0.09
2021/3/13,0.09
2021/3/14,0.09
2021/3/15,0.08
2021/3/16,0.07
2021/3/17,0.07
2021/3/18,0.08
2021/3/19,0.07
2021/3/20,0.07
2021/3/21,0.07
2021/3/22,0.06
2021/3/23,0.08
2021/3/24,0.07
2021/3/25,0.07
2021/3/26,0.06
2021/3/27,0.06
2021/3/28,0.06
2021/3/29,0.06
2021/3/30,0.06
2021/3/31,0.07
2021/4/1,0.06
2021/4/2,0.07
2021/4/3,0.07
2021/4/4,0.07
2021/4/5,0.06
2021/4/6,0.06
2021/4/7,0.06
2021/4/8,0.05
2021/4/9,0.06
2021/4/10,0.06
2021/4/11,0.06
2021/4/12,0.06
2021/4/13,0.06
2021/4/14,0.06
2021/4/15,0.06
2021/4/16,0.06
2021/4/17,0.06
2021/4/18,0.06
2021/4/19,0.08
2021/4/20,0.07
2021/4/21,0.07
2021/4/22,0.06
2021/4/23,0.07
2021/4/24,0.07
2021/4/25,0.07
2021/4/26,0.06
2021/4/27,0.06
2021/4/28,0.05
2021/4/29,0.05
2021/4/30,0.05
2021/5/1,0.05
2021/5/2,0.05
2021/5/3,0.06
2021/5/4,0.06
2021/5/5,0.06
2021/5/6,0.05
2021/5/7,0.05
2021/5/8,0.05
2021/5/9,0.05
2021/5/10,0.05
2021/5/11,0.05
2021/5/12,0.05
2021/5/13,0.05
2021/5/14,0.06
2021/5/15,0.06
2021/5/16,0.06
2021/5/17,0.06
2021/5/18,0.06
2021/5/19,0.05
2021/5/20,0.05
2021/5/21,0.04
2021/5/22,0.04
2021/5/23,0.04
2021/5/24,0.04
2021/5/25,0.04
2021/5/26,0.04
2021/5/27,0.04
2021/5/28,0.05
2021/5/29,0.05
2021/5/30,0.05
2021/5/31,0.05
2021/6/1,0.04
2021/6/2,0.05
2021/6/3,0.04
2021/6/4,0.05
2021/6/5,0.05
2021/6/6,0.05
2021/6/7,0.05
2021/6/8,0.05
2021/6/9,0.05
2021/6/10,0.05
2021/6/11,0.05
2021/6/12,0.05
2021/6/13,0.05
2021/6/14,0.05
2021/6/15,0.08
2021/6/16,0.08
2021/6/17,0.08
2021/6/18,0.09
2021/6/19,0.09
2021/6/20,0.09
2021/6/21,0.09
2021/6/22,0.09
2021/6/23,0.08
2021/6/24,0.08
2021/6/25,0.09
2021/6/26,0.09
2021/6/27,0.09
2021/6/28,0.08
2021/6/29,0.08
2021/6/30,0.07
2021/7/1,0.09
2021/7/2,0.08
2021/7/3,0.08
2021/7/4,0.08
2021/7/5,0.08
2021/7/6,0.07
2021/7/7,0.08
2021/7/8,0.07
2021/7/9,0.08
2021/7/10,0.08
2021/7/11,0.08
2021/7/12,0.08
2021/7/13,0.08
2021/7/14,0.08
2021/7/15,0.07
2021/7/16,0.08
2021/7/17,0.08
2021/7/18,0.08
2021/7/19,0.07
2021/7/20,0.08
2021/7/21,0.07
2021/7/22,0.07
2021/7/23,0.07
2021/7/24,0.07
2021/7/25,0.07
2021/7/26,0.08
2021/7/27,0.07
2021/7/28,0.07
2021/7/29,0.08
2021/7/30,0.07
2021/7/31,0.07
2021/8/1,0.07
2021/8/2,0.07
2021/8/3,0.07
2021/8/4,0.07
2021/8/5,0.08
2021/8/6,0.09
2021/8/7,0.09
2021/8/8,0.09
2021/8/9,0.08
2021/8/10,0.08
2021/8/11,0.08
2021/8/12,0.09
2021/8/13,0.08
2021/8/14,0.08
2021/8/15,0.08
2021/8/16,0.08
2021/8/17,0.07
2021/8/18,0.07
2021/8/19,0.06
2021/8/20,0.06
2021/8/21,0.06
2021/8/22,0.06
2021/8/23,0.07
2021/8/24,0.06
2021/8/25,0.07
2021/8/26,0.07
2021/8/27,0.07
2021/8/28,0.07
2021/8/29,0.07
2021/8/30,0.08
2021/8/31,0.07
2021/9/1,0.07
2021/9/2,0.07
2021/9/3,0.08
2021/9/4,0.08
2021/9/5,0.08
2021/9/6,0.08
2021/9/7,0.08
2021/9/8,0.08
2021/9/9,0.07
2021/9/10,0.08
2021/9/11,0.08
2021/9/12,0.08
2021/9/13,0.07
2021/9/14,0.07
2021/9/15,0.07
2021/9/16,0.07
2021/9/17,0.07
2021/9/18,0.07
2021/9/19,0.07
2021/9/20,0.07
2021/9/21,0.07
2021/9/22,0.08
2021/9/23,0.08
2021/9/24,0.08
2021/9/25,0.08
2021/9/26,0.08
2021/9/27,0.09
2021/9/28,0.09
2021/9/29,0.09
2021/9/30,0.09
2021/10/1,0.09
2021/10/2,0.09
2021/10/3,0.09
2021/10/4,0.09
2021/10/5,0.09
2021/10/6,0.1
2021/10/7,0.1
2021/10/8,0.09
2021/10/9,0.09
2021/10/10,0.09
2021/10/11,0.09
2021/10/12,0.1
2021/10/13,0.11
2021/10/14,0.1
2021/10/15,0.12
2021/10/16,0.12
2021/10/17,0.12
2021/10/18,0.11
2021/10/19,0.11
2021/10/20,0.1
2021/10/21,0.12
2021/10/22,0.13
2021/10/23,0.13
2021/10/24,0.13
2021/10/25,0.14
2021/10/26,0.14
2021/10/27,0.12
2021/10/28,0.15
2021/10/29,0.15
2021/10/30,0.15
2021/10/31,0.15
2021/11/1,0.15
2021/11/2,0.15
2021/11/3,0.17
2021/11/4,0.14
2021/11/5,0.14
2021/11/6,0.14
2021/11/7,0.14
2021/11/8,0.16
2021/11/9,0.14
2021/11/10,0.17
2021/11/11,0.17
2021/11/12,0.17
2021/11/13,0.17
2021/11/14,0.17
2021/11/15,0.18
2021/11/16,0.17
2021/11/17,0.18
2021/11/18,0.18
2021/11/19,0.18
2021/11/20,0.18
2021/11/21,0.18
2021/11/22,0.2
2021/11/23,0.21
2021/11/24,0.24
2021/11/25,0.24
2021/11/26,0.2
2021/11/27,0.2
2021/11/28,0.2
2021/11/29,0.21
2021/11/30,0.24
2021/12/1,0.25
2021/12/2,0.27
2021/12/3,0.26
2021/12/4,0.26
2021/12/5,0.26
2021/12/6,0.28
2021/12/7,0.31
2021/12/8,0.29
2021/12/9,0.28
2021/12/10,0.27
2021/12/11,0.27
2021/12/12,0.27
2021/12/13,0.27
2021/12/14,0.26
2021/12/15,0.29
2021/12/16,0.26
2021/12/17,0.27
2021/12/18,0.27
2021/12/19,0.27
2021/12/20,0.27
2021/12/21,0.29
2021/12/22,0.28
2021/12/23,0.31
2021/12/24,0.31
2021/12/25,0.31
2021/12/26,0.31
2021/12/27,0.33
2021/12/28,0.39
2021/12/29,0.38
2021/12/30,0.38
2021/12/31,0.39
2022/1/1,0.39
2022/1/2,0.39
2022/1/3,0.4
2022/1/4,0.38
2022/1/5,0.41
2022/1/6,0.45
2022/1/7,0.43
2022/1/8,0.43
2022/1/9,0.43
2022/1/10,0.46
2022/1/11,0.46
2022/1/12,0.48
2022/1/13,0.47
2022/1/14,0.51
2022/1/15,0.51
2022/1/16,0.51
2022/1/17,0.51
2022/1/18,0.58
2022/1/19,0.57
2022/1/20,0.6
2022/1/21,0.58
2022/1/22,0.58
2022/1/23,0.58
2022/1/24,0.58
2022/1/25,0.65
2022/1/26,0.7
2022/1/27,0.75
2022/1/28,0.75
2022/1/29,0.75
2022/1/30,0.75
2022/1/31,0.78
2022/2/1,0.78
2022/2/2,0.76
2022/2/3,0.78
2022/2/4,0.89
2022/2/5,0.89
2022/2/6,0.89
2022/2/7,0.88
2022/2/8,0.91
2022/2/9,0.91
2022/2/10,1.14
2022/2/11,1.07
2022/2/12,1.07
2022/2/13,1.07
2022/2/14,1.13
2022/2/15,1.11
2022/2/16,1.09
2022/2/17,1.05
2022/2/18,1.03
2022/2/19,1.03
2022/2/20,1.03
2022/2/21,1.03
2022/2/22,1.17
2022/2/23,1.16
2022/2/24,1.08
2022/2/25,1.13
2022/2/26,1.13
2022/2/27,1.13
2022/2/28,1.01
2022/3/1,0.91
2022/3/2,1.06
2022/3/3,1.08
2022/3/4,1.05
2022/3/5,1.05
2022/3/6,1.05
2022/3/7,1.07
2022/3/8,1.12
2022/3/9,1.15
2022/3/10,1.19
2022/3/11,1.22
2022/3/12,1.22
2022/3/13,1.22
2022/3/14,1.28
2022/3/15,1.28
2022/3/16,1.35
2022/3/17,1.3
2022/3/18,1.29
2022/3/19,1.29
2022/3/20,1.29
2022/3/21,1.4
2022/3/22,1.59
2022/3/23,1.52
2022/3/24,1.55
2022/3/25,1.67
2022/3/26,1.67
2022/3/27,1.67
2022/3/28,1.69
2022/3/29,1.67
2022/3/30,1.64
2022/3/31,1.63
2022/4/1,1.72
2022/4/2,1.72
2022/4/3,1.72
2022/4/4,1.72
2022/4/5,1.77
2022/4/6,1.79
2022/4/7,1.78
2022/4/8,1.81
2022/4/9,1.81
2022/4/10,1.81
2022/4/11,1.85
2022/4/12,1.77
2022/4/13,1.78
2022/4/14,1.84
2022/4/15,1.84
2022/4/16,1.84
2022/4/17,1.84
2022/4/18,1.84
2022/4/19,1.94
2022/4/20,1.93
2022/4/21,2.01
2022/4/22,2.06
2022/4/23,2.06
2022/4/24,2.06
2022/4/25,2.03
2022/4/26,1.99
2022/4/27,1.97
2022/4/28,2.04
2022/4/29,2.1
2022/4/30,2.1
2022/5/1,2.1
2022/5/2,2.1
2022/5/3,2.16
2022/5/4,2.07
2022/5/5,2.08
2022/5/6,2.08
2022/5/7,2.08
2022/5/8,2.08
2022/5/9,1.99
2022/5/10,2.01
2022/5/11,1.99
2022/5/12,1.96
2022/5/13,2.04
2022/5/14,2.04
2022/5/15,2.04
2022/5/16,2.07
2022/5/17,2.16
2022/5/18,2.16
2022/5/19,2.11
2022/5/20,2.07
2022/5/21,2.07
2022/5/22,2.07
2022/5/23,2.09
2022/5/24,2.02
2022/5/25,2.01
2022/5/26,1.99
2022/5/27,2.01
2022/5/28,2.01
2022/5/29,2.01
2022/5/30,2.01
2022/5/31,2.08
2022/6/1,2.16
2022/6/2,2.15
2022/6/3,2.18
2022/6/4,2.18
2022/6/5,2.18
2022/6/6,2.23
2022/6/7,2.26
2022/6/8,2.29
2022/6/9,2.35
2022/6/10,2.58
2022/6/11,2.58
2022/6/12,2.58
2022/6/13,2.89
2022/6/14,3.15
2022/6/15,2.93
2022/6/16,2.88
2022/6/17,2.86
2022/6/18,2.86
2022/6/19,2.86
2022/6/20,2.86
2022/6/21,2.92
2022/6/22,2.79
2022/6/23,2.78
2022/6/24,2.83
2022/6/25,2.83
2022/6/26,2.83
2022/6/27,2.89
2022/6/28,2.88
2022/6/29,2.88
2022/6/30,2.8
2022/7/1,2.79
2022/7/2,2.79
2022/7/3,2.79
2022/7/4,2.79
2022/7/5,2.77
2022/7/6,2.82
2022/7/7,2.87
2022/7/8,2.96
2022/7/9,2.96
2022/7/10,2.96
2022/7/11,2.97
2022/7/12,3.07
2022/7/13,3.21
2022/7/14,3.16
2022/7/15,3.12
2022/7/16,3.12
2022/7/17,3.12
2022/7/18,3.13
2022/7/19,3.18
2022/7/20,3.18
2022/7/21,3.11
2022/7/22,3.01
2022/7/23,3.01
2022/7/24,3.01
2022/7/25,3.07
2022/7/26,3.06
2022/7/27,3
2022/7/28,2.93
2022/7/29,2.98
2022/7/30,2.98
2022/7/31,2.98
2022/8/1,2.98
2022/8/2,3.09
2022/8/3,3.14
2022/8/4,3.11
2022/8/5,3.29
2022/8/6,3.29
2022/8/7,3.29
2022/8/8,3.3
2022/8/9,3.33
2022/8/10,3.26
2022/8/11,3.25
2022/8/12,3.26
2022/8/13,3.26
2022/8/14,3.26
2022/8/15,3.23
2022/8/16,3.26
2022/8/17,3.27
2022/8/18,3.24
2022/8/19,3.26
2022/8/20,3.26
2022/8/21,3.26
2022/8/22,3.32
2022/8/23,3.29
2022/8/24,3.35
2022/8/25,3.33
2022/8/26,3.36
2022/8/27,3.36
2022/8/28,3.36
2022/8/29,3.43
2022/8/30,3.48
2022/8/31,3.5
2022/9/1,3.51
2022/9/2,3.47
2022/9/3,3.47
2022/9/4,3.47
2022/9/5,3.47
2022/9/6,3.61
2022/9/7,3.6
2022/9/8,3.6
2022/9/9,3.67
2022/9/10,3.67
2022/9/11,3.67
2022/9/12,3.7
2022/9/13,3.92
2022/9/14,3.95
2022/9/15,4
2022/9/16,3.96
2022/9/17,3.96
2022/9/18,3.96
2022/9/19,4.05
2022/9/20,4.03
2022/9/21,4.08
2022/9/22,4.08
2022/9/23,4.15
2022/9/24,4.15
2022/9/25,4.15
2022/9/26,4.17
2022/9/27,4.16
2022/9/28,3.99
2022/9/29,3.98
2022/9/30,4.05
2022/10/1,4.05
2022/10/2,4.05
2022/10/3,4.01
2022/10/4,4.15
2022/10/5,4.14
2022/10/6,4.19
2022/10/7,4.24
2022/10/8,4.24
2022/10/9,4.24
2022/10/10,4.24
2022/10/11,4.28
2022/10/12,4.28
2022/10/13,4.46
2022/10/14,4.5
2022/10/15,4.5
2022/10/16,4.5
2022/10/17,4.5
2022/10/18,4.5
2022/10/19,4.6
2022/10/20,4.66
2022/10/21,4.58
2022/10/22,4.58
2022/10/23,4.58
2022/10/24,4.61
2022/10/25,4.6
2022/10/26,4.54
2022/10/27,4.5
2022/10/28,4.55
2022/10/29,4.55
2022/10/30,4.55
2022/10/31,4.66
2022/11/1,4.75
2022/11/2,4.76
2022/11/3,4.78
2022/11/4,4.76
2022/11/5,4.76
2022/11/6,4.76
2022/11/7,4.8
2022/11/8,4.77
2022/11/9,4.75
2022/11/10,4.59
2022/11/11,4.59
2022/11/12,4.59
2022/11/13,4.59
2022/11/14,4.63
2022/11/15,4.6
2022/11/16,4.62
2022/11/17,4.68
2022/11/18,4.74
2022/11/19,4.74
2022/11/20,4.74
2022/11/21,4.75
2022/11/22,4.79
2022/11/23,4.75
2022/11/24,4.75
2022/11/25,4.76
2022/11/26,4.76
2022/11/27,4.76
2022/11/28,4.76
2022/11/29,4.78
2022/11/30,4.74
2022/12/1,4.66
2022/12/2,4.69
2022/12/3,4.69
2022/12/4,4.69
2022/12/5,4.77
2022/12/6,4.73
2022/12/7,4.67
2022/12/8,4.71
2022/12/9,4.72
2022/12/10,4.72
2022/12/11,4.72
2022/12/12,4.75
2022/12/13,4.64
2022/12/14,4.64
2022/12/15,4.65
2022/12/16,4.61
2022/12/17,4.61
2022/12/18,4.61
2022/12/19,4.64
2022/12/20,4.64
2022/12/21,4.6
2022/12/22,4.64
2022/12/23,4.66
2022/12/24,4.66
2022/12/25,4.66
2022/12/26,4.66
2022/12/27,4.75
2022/12/28,4.71
2022/12/29,4.71
2022/12/30,4.73
2022/12/31,4.73
2023/1/1,4.73
2023/1/2,4.73
2023/1/3,4.72
2023/1/4,4.71
2023/1/5,4.78
2023/1/6,4.71
2023/1/7,4.71
2023/1/8,4.71
2023/1/9,4.69
2023/1/10,4.74
2023/1/11,4.73
2023/1/12,4.66
2023/1/13,4.69
2023/1/14,4.69
2023/1/15,4.69
2023/1/16,4.69
2023/1/17,4.67
2023/1/18,4.63
2023/1/19,4.65
2023/1/20,4.68
2023/1/21,4.68
2023/1/22,4.68
2023/1/23,4.7
2023/1/24,4.7
2023/1/25,4.67
2023/1/26,4.68
2023/1/27,4.68
2023/1/28,4.68
2023/1/29,4.68
2023/1/30,4.71
2023/1/31,4.68
2023/2/1,4.66
2023/2/2,4.64
2023/2/3,4.79
2023/2/4,4.79
2023/2/5,4.79
2023/2/6,4.85
2023/2/7,4.88
2023/2/8,4.87
2023/2/9,4.88
2023/2/10,4.89
2023/2/11,4.89
2023/2/12,4.89
2023/2/13,4.91
2023/2/14,4.99
2023/2/15,4.96
2023/2/16,4.99
2023/2/17,5
2023/2/18,5
2023/2/19,5
2023/2/20,5
2023/2/21,5.07
2023/2/22,5.07
2023/2/23,5.03
2023/2/24,5.05
2023/2/25,5.05
2023/2/26,5.05
2023/2/27,5.03
2023/2/28,5.02
2023/3/1,5.06
2023/3/2,5.04
2023/3/3,5.03
2023/3/4,5.03
2023/3/5,5.03
2023/3/6,5.05
2023/3/7,5.22
2023/3/8,5.25
2023/3/9,5.18
2023/3/10,4.9
2023/3/11,4.9
2023/3/12,4.9
2023/3/13,4.3
2023/3/14,4.45
2023/3/15,4.19
2023/3/16,4.49
2023/3/17,4.26
2023/3/18,4.26
2023/3/19,4.26
2023/3/20,4.34
2023/3/21,4.68
2023/3/22,4.56
2023/3/23,4.38
2023/3/24,4.32
2023/3/25,4.32
2023/3/26,4.32
2023/3/27,4.51
2023/3/28,4.55
2023/3/29,4.59
2023/3/30,4.63
2023/3/31,4.64
2023/4/1,4.64
2023/4/2,4.64
2023/4/3,4.6
2023/4/4,4.5
2023/4/5,4.43
2023/4/6,4.51
2023/4/7,4.61
2023/4/8,4.61
2023/4/9,4.61
2023/4/10,4.65
2023/4/11,4.67
2023/4/12,4.64
2023/4/13,4.66
2023/4/14,4.77
2023/4/15,4.77
2023/4/16,4.77
2023/4/17,4.8
2023/4/18,4.81
2023/4/19,4.84
2023/4/20,4.77
2023/4/21,4.78
2023/4/22,4.78
2023/4/23,4.78
2023/4/24,4.76
2023/4/25,4.6
2023/4/26,4.64
2023/4/27,4.78
2023/4/28,4.8
2023/4/29,4.8
2023/4/30,4.8
2023/5/1,4.86
2023/5/2,4.74
2023/5/3,4.7
2023/5/4,4.59
2023/5/5,4.73
2023/5/6,4.73
2023/5/7,4.73
2023/5/8,4.79
2023/5/9,4.81
2023/5/10,4.7
2023/5/11,4.7
2023/5/12,4.75
2023/5/13,4.75
2023/5/14,4.75
2023/5/15,4.73
2023/5/16,4.88
2023/5/17,4.92
2023/5/18,5.02
2023/5/19,5.02
2023/5/20,5.02
2023/5/21,5.02
2023/5/22,5.07
2023/5/23,5.06
2023/5/24,5.12
2023/5/25,5.24
2023/5/26,5.25
2023/5/27,5.25
2023/5/28,5.25
2023/5/29,5.25
2023/5/30,5.22
2023/5/31,5.18
2023/6/1,5.11
2023/6/2,5.22
2023/6/3,5.22
2023/6/4,5.22
2023/6/5,5.17
2023/6/6,5.2
2023/6/7,5.16
2023/6/8,5.12
2023/6/9,5.17
2023/6/10,5.17
2023/6/11,5.17
2023/6/12,5.18
2023/6/13,5.26
2023/6/14,5.27
2023/6/15,5.21
2023/6/16,5.24
2023/6/17,5.24
2023/6/18,5.24
2023/6/19,5.24
2023/6/20,5.24
2023/6/21,5.25
2023/6/22,5.29
2023/6/23,5.25
2023/6/24,5.25
2023/6/25,5.25
2023/6/26,5.27
2023/6/27,5.33
2023/6/28,5.32
2023/6/29,5.41
2023/6/30,5.4
2023/7/1,5.4
2023/7/2,5.4
2023/7/3,5.43
2023/7/4,5.43
2023/7/5,5.4
2023/7/6,5.44
2023/7/7,5.41
2023/7/8,5.41
2023/7/9,5.41
2023/7/10,5.38
2023/7/11,5.44
2023/7/12,5.35
2023/7/13,5.27
2023/7/14,5.34
2023/7/15,5.34
2023/7/16,5.34
2023/7/17,5.33
2023/7/18,5.32
2023/7/19,5.32
2023/7/20,5.35
2023/7/21,5.35
2023/7/22,5.35
2023/7/23,5.35
2023/7/24,5.38
2023/7/25,5.38
2023/7/26,5.37
2023/7/27,5.4
2023/7/28,5.37
2023/7/29,5.37
2023/7/30,5.37
2023/7/31,5.37
2023/8/1,5.38
2023/8/2,5.36
2023/8/3,5.37
2023/8/4,5.33
2023/8/5,5.33
2023/8/6,5.33
2023/8/7,5.3
2023/8/8,5.35
2023/8/9,5.35
2023/8/10,5.33
2023/8/11,5.36
2023/8/12,5.36
2023/8/13,5.36
2023/8/14,5.37
2023/8/15,5.36
2023/8/16,5.37
2023/8/17,5.36
2023/8/18,5.35
2023/8/19,5.35
2023/8/20,5.35
2023/8/21,5.37
2023/8/22,5.39
2023/8/23,5.35
2023/8/24,5.39
2023/8/25,5.44
2023/8/26,5.44
2023/8/27,5.44
2023/8/28,5.44
2023/8/29,5.37
2023/8/30,5.39
2023/8/31,5.37
2023/9/1,5.36
2023/9/2,5.36
2023/9/3,5.36
2023/9/4,5.36
2023/9/5,5.42
2023/9/6,5.44
2023/9/7,5.4
2023/9/8,5.42
2023/9/9,5.42
2023/9/10,5.42
2023/9/11,5.4
2023/9/12,5.42
2023/9/13,5.42
2023/9/14,5.42
2023/9/15,5.43
2023/9/16,5.43
2023/9/17,5.43
2023/9/18,5.44
2023/9/19,5.45
2023/9/20,5.47
2023/9/21,5.46
2023/9/22,5.46
2023/9/23,5.46
2023/9/24,5.46
2023/9/25,5.45
2023/9/26,5.45
2023/9/27,5.49
2023/9/28,5.46
2023/9/29,5.46
2023/9/30,5.46
2023/10/1,5.46
2023/10/2,5.49
2023/10/3,5.49
2023/10/4,5.42
2023/10/5,5.39
2023/10/6,5.43
2023/10/7,5.43
2023/10/8,5.43
2023/10/9,5.43
2023/10/10,5.37
2023/10/11,5.38
2023/10/12,5.43
2023/10/13,5.41
2023/10/14,5.41
2023/10/15,5.41
2023/10/16,5.42
2023/10/17,5.48
2023/10/18,5.47
2023/10/19,5.44
2023/10/20,5.41
2023/10/21,5.41
2023/10/22,5.41
2023/10/23,5.42
2023/10/24,5.41
2023/10/25,5.43
2023/10/26,5.39
2023/10/27,5.39
2023/10/28,5.39
2023/10/29,5.39
2023/10/30,5.41
2023/10/31,5.44
2023/11/1,5.37
2023/11/2,5.38
2023/11/3,5.29
2023/11/4,5.29
2023/11/5,5.29
2023/11/6,5.33
2023/11/7,5.33
2023/11/8,5.34
2023/11/9,5.39
2023/11/10,5.38
2023/11/11,5.38
2023/11/12,5.38
2023/11/13,5.37
2023/11/14,5.24
2023/11/15,5.27
2023/11/16,5.23
2023/11/17,5.24
2023/11/18,5.24
2023/11/19,5.24
2023/11/20,5.25
2023/11/21,5.24
2023/11/22,5.26
2023/11/23,5.26
2023/11/24,5.27
2023/11/25,5.27
2023/11/26,5.27
2023/11/27,5.24
2023/11/28,5.21
2023/11/29,5.12
2023/11/30,5.16
2023/12/1,5.05
2023/12/2,5.05
2023/12/3,5.05
2023/12/4,5.1
2023/12/5,5.06
2023/12/6,5.07
2023/12/7,5.05
2023/12/8,5.13
2023/12/9,5.13
2023/12/10,5.13
2023/12/11,5.14
2023/12/12,5.14
2023/12/13,4.94
2023/12/14,4.9
2023/12/15,4.95
2023/12/16,4.95
2023/12/17,4.95
2023/12/18,4.95
2023/12/19,4.93
2023/12/20,4.88
2023/12/21,4.84
2023/12/22,4.82
2023/12/23,4.82
2023/12/24,4.82
2023/12/25,4.82
2023/12/26,4.83
2023/12/27,4.79
2023/12/28,4.82
2023/12/29,4.79
2023/12/30,4.79
2023/12/31,4.79